<?xml version="1.0" encoding="UTF-8" standalone="yes"?>
<FacadeSet>
    <name>russian facades and fence set</name>
    <author>Alex Krug</author>
    <description>russian facades set for osm2xp V2.0.2</description>
    <facades>
        <file>cheshka.fac</file>
        <roofColor></roofColor>
        <wallColor></wallColor>
        <industrial>false</industrial>
        <commercial>false</commercial>
        <residential>true</residential>
        <sloped>false</sloped>
        <minVectorLength>0.0</minVectorLength>
        <maxVectorLength>0.0</maxVectorLength>
        <simpleBuildingOnly>false</simpleBuildingOnly>
        <minHeight>27</minHeight>
        <maxHeight>35</maxHeight>
    </facades>
    <facades>
        <file>cheshka2.fac</file>
        <roofColor></roofColor>
        <wallColor></wallColor>
        <industrial>false</industrial>
        <commercial>false</commercial>
        <residential>true</residential>
        <sloped>false</sloped>
        <minVectorLength>0.0</minVectorLength>
        <maxVectorLength>0.0</maxVectorLength>
        <simpleBuildingOnly>false</simpleBuildingOnly>
        <minHeight>27</minHeight>
        <maxHeight>40</maxHeight>
    </facades>
    <facades>
        <file>cheshka3.fac</file>
        <roofColor></roofColor>
        <wallColor></wallColor>
        <industrial>false</industrial>
        <commercial>false</commercial>
        <residential>true</residential>
        <sloped>false</sloped>
        <minVectorLength>0.0</minVectorLength>
        <maxVectorLength>0.0</maxVectorLength>
        <simpleBuildingOnly>false</simpleBuildingOnly>
        <minHeight>27</minHeight>
        <maxHeight>45</maxHeight>
    </facades>
    <facades>
        <file>cheshka4.fac</file>
        <roofColor></roofColor>
        <wallColor></wallColor>
        <industrial>false</industrial>
        <commercial>false</commercial>
        <residential>true</residential>
        <sloped>false</sloped>
        <minVectorLength>0.0</minVectorLength>
        <maxVectorLength>0.0</maxVectorLength>
        <simpleBuildingOnly>false</simpleBuildingOnly>
        <minHeight>27</minHeight>
        <maxHeight>45</maxHeight>
    </facades>
    <facades>
        <file>cheshka5.fac</file>
        <roofColor></roofColor>
        <wallColor></wallColor>
        <industrial>false</industrial>
        <commercial>false</commercial>
        <residential>true</residential>
        <sloped>false</sloped>
        <minVectorLength>0.0</minVectorLength>
        <maxVectorLength>0.0</maxVectorLength>
        <simpleBuildingOnly>false</simpleBuildingOnly>
        <minHeight>27</minHeight>
        <maxHeight>40</maxHeight>
    </facades>
    <facades>
        <file>fivelev.fac</file>
        <roofColor></roofColor>
        <wallColor></wallColor>
        <industrial>false</industrial>
        <commercial>false</commercial>
        <residential>true</residential>
        <sloped>false</sloped>
        <minVectorLength>0.0</minVectorLength>
        <maxVectorLength>0.0</maxVectorLength>
        <simpleBuildingOnly>true</simpleBuildingOnly>
        <minHeight>12</minHeight>
        <maxHeight>19</maxHeight>
    </facades>
    <facades>
        <file>fivelev1.fac</file>
        <roofColor></roofColor>
        <wallColor></wallColor>
        <industrial>false</industrial>
        <commercial>false</commercial>
        <residential>true</residential>
        <sloped>false</sloped>
        <minVectorLength>0.0</minVectorLength>
        <maxVectorLength>0.0</maxVectorLength>
        <simpleBuildingOnly>true</simpleBuildingOnly>
        <minHeight>12</minHeight>
        <maxHeight>19</maxHeight>
    </facades>
    <facades>
        <file>16levels.fac</file>
        <roofColor></roofColor>
        <wallColor></wallColor>
        <industrial>false</industrial>
        <commercial>false</commercial>
        <residential>true</residential>
        <sloped>false</sloped>
        <minVectorLength>0.0</minVectorLength>
        <maxVectorLength>0.0</maxVectorLength>
        <simpleBuildingOnly>false</simpleBuildingOnly>
        <minHeight>35</minHeight>
        <maxHeight>50</maxHeight>
    </facades>
    <facades>
        <file>16levels1.fac</file>
        <roofColor></roofColor>
        <wallColor></wallColor>
        <industrial>false</industrial>
        <commercial>false</commercial>
        <residential>true</residential>
        <sloped>false</sloped>
        <minVectorLength>0.0</minVectorLength>
        <maxVectorLength>0.0</maxVectorLength>
        <simpleBuildingOnly>false</simpleBuildingOnly>
        <minHeight>35</minHeight>
        <maxHeight>50</maxHeight>
    </facades>
    <facades>
        <file>16levels2.fac</file>
        <roofColor></roofColor>
        <wallColor></wallColor>
        <industrial>false</industrial>
        <commercial>false</commercial>
        <residential>true</residential>
        <sloped>false</sloped>
        <minVectorLength>0.0</minVectorLength>
        <maxVectorLength>0.0</maxVectorLength>
        <simpleBuildingOnly>false</simpleBuildingOnly>
        <minHeight>35</minHeight>
        <maxHeight>50</maxHeight>
    </facades>
    <facades>
        <file>16levels3.fac</file>
        <roofColor></roofColor>
        <wallColor></wallColor>
        <industrial>false</industrial>
        <commercial>false</commercial>
        <residential>true</residential>
        <sloped>false</sloped>
        <minVectorLength>0.0</minVectorLength>
        <maxVectorLength>0.0</maxVectorLength>
        <simpleBuildingOnly>false</simpleBuildingOnly>
        <minHeight>35</minHeight>
        <maxHeight>50</maxHeight>
    </facades>
    <facades>
        <file>16levels4.fac</file>
        <roofColor></roofColor>
        <wallColor></wallColor>
        <industrial>false</industrial>
        <commercial>false</commercial>
        <residential>true</residential>
        <sloped>false</sloped>
        <minVectorLength>0.0</minVectorLength>
        <maxVectorLength>0.0</maxVectorLength>
        <simpleBuildingOnly>false</simpleBuildingOnly>
        <minHeight>35</minHeight>
        <maxHeight>50</maxHeight>
    </facades>
    <facades>
        <file>HouseSloped0.fac</file>
        <wallColor></wallColor>
        <industrial>false</industrial>
        <commercial>false</commercial>
        <residential>true</residential>
        <sloped>true</sloped>
        <minVectorLength>0.0</minVectorLength>
        <maxVectorLength>0.0</maxVectorLength>
        <simpleBuildingOnly>true</simpleBuildingOnly>
        <minHeight>0</minHeight>
        <maxHeight>12</maxHeight>
    </facades>
    <facades>
        <file>HouseSloped0.fac</file>
        <wallColor></wallColor>
        <industrial>false</industrial>
        <commercial>false</commercial>
        <residential>true</residential>
        <sloped>true</sloped>
        <minVectorLength>0.0</minVectorLength>
        <maxVectorLength>0.0</maxVectorLength>
        <simpleBuildingOnly>false</simpleBuildingOnly>
        <minHeight>0</minHeight>
        <maxHeight>12</maxHeight>
    </facades>
    <facades>
        <file>HouseSloped1.fac</file>
        <wallColor></wallColor>
        <industrial>false</industrial>
        <commercial>false</commercial>
        <residential>true</residential>
        <sloped>true</sloped>
        <minVectorLength>0.0</minVectorLength>
        <maxVectorLength>0.0</maxVectorLength>
        <simpleBuildingOnly>true</simpleBuildingOnly>
        <minHeight>0</minHeight>
        <maxHeight>12</maxHeight>
    </facades>
    <facades>
        <file>HouseSloped2.fac</file>
        <wallColor></wallColor>
        <industrial>false</industrial>
        <commercial>false</commercial>
        <residential>true</residential>
        <sloped>true</sloped>
        <minVectorLength>0.0</minVectorLength>
        <maxVectorLength>0.0</maxVectorLength>
        <simpleBuildingOnly>true</simpleBuildingOnly>
        <minHeight>0</minHeight>
        <maxHeight>12</maxHeight>
    </facades>
    <facades>
        <file>HouseSloped3.fac</file>
        <wallColor></wallColor>
        <industrial>false</industrial>
        <commercial>false</commercial>
        <residential>true</residential>
        <sloped>true</sloped>
        <minVectorLength>0.0</minVectorLength>
        <maxVectorLength>0.0</maxVectorLength>
        <simpleBuildingOnly>true</simpleBuildingOnly>
        <minHeight>0</minHeight>
        <maxHeight>12</maxHeight>
    </facades>
    <facades>
        <file>HouseSloped4.fac</file>
        <wallColor></wallColor>
        <industrial>false</industrial>
        <commercial>false</commercial>
        <residential>true</residential>
        <sloped>true</sloped>
        <minVectorLength>0.0</minVectorLength>
        <maxVectorLength>0.0</maxVectorLength>
        <simpleBuildingOnly>true</simpleBuildingOnly>
        <minHeight>0</minHeight>
        <maxHeight>12</maxHeight>
    </facades>
    <facades>
        <file>HouseSloped5.fac</file>
        <wallColor></wallColor>
        <industrial>false</industrial>
        <commercial>false</commercial>
        <residential>true</residential>
        <sloped>true</sloped>
        <minVectorLength>0.0</minVectorLength>
        <maxVectorLength>0.0</maxVectorLength>
        <simpleBuildingOnly>true</simpleBuildingOnly>
        <minHeight>0</minHeight>
        <maxHeight>12</maxHeight>
    </facades>
    <facades>
        <file>HouseSloped6.fac</file>
        <wallColor></wallColor>
        <industrial>false</industrial>
        <commercial>false</commercial>
        <residential>true</residential>
        <sloped>true</sloped>
        <minVectorLength>0.0</minVectorLength>
        <maxVectorLength>0.0</maxVectorLength>
        <simpleBuildingOnly>true</simpleBuildingOnly>
        <minHeight>0</minHeight>
        <maxHeight>12</maxHeight>
    </facades>
    <facades>
        <file>HouseSloped7.fac</file>
        <wallColor></wallColor>
        <industrial>false</industrial>
        <commercial>false</commercial>
        <residential>true</residential>
        <sloped>true</sloped>
        <minVectorLength>0.0</minVectorLength>
        <maxVectorLength>0.0</maxVectorLength>
        <simpleBuildingOnly>true</simpleBuildingOnly>
        <minHeight>0</minHeight>
        <maxHeight>12</maxHeight>
    </facades>
    <facades>
        <file>HouseSloped8.fac</file>
        <wallColor></wallColor>
        <industrial>false</industrial>
        <commercial>false</commercial>
        <residential>true</residential>
        <sloped>true</sloped>
        <minVectorLength>0.0</minVectorLength>
        <maxVectorLength>0.0</maxVectorLength>
        <simpleBuildingOnly>true</simpleBuildingOnly>
        <minHeight>0</minHeight>
        <maxHeight>12</maxHeight>
    </facades>
    <facades>
        <file>HouseSloped9.fac</file>
        <wallColor></wallColor>
        <industrial>false</industrial>
        <commercial>false</commercial>
        <residential>true</residential>
        <sloped>true</sloped>
        <minVectorLength>0.0</minVectorLength>
        <maxVectorLength>0.0</maxVectorLength>
        <simpleBuildingOnly>true</simpleBuildingOnly>
        <minHeight>0</minHeight>
        <maxHeight>12</maxHeight>
    </facades>
    <facades>
        <file>HouseSloped10.fac</file>
        <wallColor></wallColor>
        <industrial>false</industrial>
        <commercial>false</commercial>
        <residential>true</residential>
        <sloped>true</sloped>
        <minVectorLength>0.0</minVectorLength>
        <maxVectorLength>0.0</maxVectorLength>
        <simpleBuildingOnly>true</simpleBuildingOnly>
        <minHeight>0</minHeight>
        <maxHeight>12</maxHeight>
    </facades>
    <facades>
        <file>HouseSloped11.fac</file>
        <wallColor></wallColor>
        <industrial>false</industrial>
        <commercial>false</commercial>
        <residential>true</residential>
        <sloped>true</sloped>
        <minVectorLength>0.0</minVectorLength>
        <maxVectorLength>0.0</maxVectorLength>
        <simpleBuildingOnly>true</simpleBuildingOnly>
        <minHeight>0</minHeight>
        <maxHeight>12</maxHeight>
    </facades>
    <facades>
        <file>HouseSloped12.fac</file>
        <wallColor></wallColor>
        <industrial>false</industrial>
        <commercial>false</commercial>
        <residential>true</residential>
        <sloped>true</sloped>
        <minVectorLength>0.0</minVectorLength>
        <maxVectorLength>0.0</maxVectorLength>
        <simpleBuildingOnly>true</simpleBuildingOnly>
        <minHeight>0</minHeight>
        <maxHeight>12</maxHeight>
    </facades>
    <facades>
        <file>HouseSloped13.fac</file>
        <wallColor></wallColor>
        <industrial>false</industrial>
        <commercial>false</commercial>
        <residential>true</residential>
        <sloped>true</sloped>
        <minVectorLength>0.0</minVectorLength>
        <maxVectorLength>0.0</maxVectorLength>
        <simpleBuildingOnly>true</simpleBuildingOnly>
        <minHeight>0</minHeight>
        <maxHeight>12</maxHeight>
    </facades>
    <facades>
        <file>HouseSloped14.fac</file>
        <wallColor></wallColor>
        <industrial>false</industrial>
        <commercial>false</commercial>
        <residential>true</residential>
        <sloped>true</sloped>
        <minVectorLength>0.0</minVectorLength>
        <maxVectorLength>0.0</maxVectorLength>
        <simpleBuildingOnly>true</simpleBuildingOnly>
        <minHeight>0</minHeight>
        <maxHeight>12</maxHeight>
    </facades>
    <facades>
        <file>HouseSloped15.fac</file>
        <wallColor></wallColor>
        <industrial>false</industrial>
        <commercial>false</commercial>
        <residential>true</residential>
        <sloped>true</sloped>
        <minVectorLength>0.0</minVectorLength>
        <maxVectorLength>0.0</maxVectorLength>
        <simpleBuildingOnly>true</simpleBuildingOnly>
        <minHeight>0</minHeight>
        <maxHeight>12</maxHeight>
    </facades>
    <facades>
        <file>HouseSloped16.fac</file>
        <wallColor></wallColor>
        <industrial>false</industrial>
        <commercial>false</commercial>
        <residential>true</residential>
        <sloped>true</sloped>
        <minVectorLength>0.0</minVectorLength>
        <maxVectorLength>0.0</maxVectorLength>
        <simpleBuildingOnly>true</simpleBuildingOnly>
        <minHeight>0</minHeight>
        <maxHeight>12</maxHeight>
    </facades>
    <facades>
        <file>HouseSloped17.fac</file>
        <wallColor></wallColor>
        <industrial>false</industrial>
        <commercial>false</commercial>
        <residential>true</residential>
        <sloped>true</sloped>
        <minVectorLength>0.0</minVectorLength>
        <maxVectorLength>0.0</maxVectorLength>
        <simpleBuildingOnly>true</simpleBuildingOnly>
        <minHeight>0</minHeight>
        <maxHeight>12</maxHeight>
    </facades>
    <facades>
        <file>HouseSloped18.fac</file>
        <wallColor></wallColor>
        <industrial>false</industrial>
        <commercial>false</commercial>
        <residential>true</residential>
        <sloped>true</sloped>
        <minVectorLength>0.0</minVectorLength>
        <maxVectorLength>0.0</maxVectorLength>
        <simpleBuildingOnly>true</simpleBuildingOnly>
        <minHeight>0</minHeight>
        <maxHeight>12</maxHeight>
    </facades>
    <facades>
        <file>HouseSloped19.fac</file>
        <wallColor></wallColor>
        <industrial>false</industrial>
        <commercial>false</commercial>
        <residential>true</residential>
        <sloped>true</sloped>
        <minVectorLength>0.0</minVectorLength>
        <maxVectorLength>0.0</maxVectorLength>
        <simpleBuildingOnly>true</simpleBuildingOnly>
        <minHeight>0</minHeight>
        <maxHeight>12</maxHeight>
    </facades>
    <facades>
        <file>HouseSloped20.fac</file>
        <wallColor></wallColor>
        <industrial>false</industrial>
        <commercial>false</commercial>
        <residential>true</residential>
        <sloped>true</sloped>
        <minVectorLength>0.0</minVectorLength>
        <maxVectorLength>0.0</maxVectorLength>
        <simpleBuildingOnly>true</simpleBuildingOnly>
        <minHeight>0</minHeight>
        <maxHeight>12</maxHeight>
    </facades>
    <facades>
        <file>HouseSloped21.fac</file>
        <wallColor></wallColor>
        <industrial>false</industrial>
        <commercial>false</commercial>
        <residential>true</residential>
        <sloped>true</sloped>
        <minVectorLength>0.0</minVectorLength>
        <maxVectorLength>0.0</maxVectorLength>
        <simpleBuildingOnly>true</simpleBuildingOnly>
        <minHeight>0</minHeight>
        <maxHeight>12</maxHeight>
    </facades>
    <facades>
        <file>House1.fac</file>
        <wallColor></wallColor>
        <industrial>false</industrial>
        <commercial>false</commercial>
        <residential>true</residential>
        <sloped>false</sloped>
        <minVectorLength>0.0</minVectorLength>
        <maxVectorLength>0.0</maxVectorLength>
        <simpleBuildingOnly>false</simpleBuildingOnly>
        <minHeight>0</minHeight>
        <maxHeight>12</maxHeight>
    </facades>
    <facades>
        <file>House2.fac</file>
        <wallColor></wallColor>
        <industrial>false</industrial>
        <commercial>false</commercial>
        <residential>true</residential>
        <sloped>false</sloped>
        <minVectorLength>0.0</minVectorLength>
        <maxVectorLength>0.0</maxVectorLength>
        <simpleBuildingOnly>false</simpleBuildingOnly>
        <minHeight>0</minHeight>
        <maxHeight>12</maxHeight>
    </facades>
    <facades>
        <file>House3.fac</file>
        <wallColor></wallColor>
        <industrial>false</industrial>
        <commercial>false</commercial>
        <residential>true</residential>
        <sloped>false</sloped>
        <minVectorLength>0.0</minVectorLength>
        <maxVectorLength>0.0</maxVectorLength>
        <simpleBuildingOnly>false</simpleBuildingOnly>
        <minHeight>0</minHeight>
        <maxHeight>12</maxHeight>
    </facades>
    <facades>
        <file>House4.fac</file>
        <wallColor></wallColor>
        <industrial>false</industrial>
        <commercial>false</commercial>
        <residential>true</residential>
        <sloped>false</sloped>
        <minVectorLength>0.0</minVectorLength>
        <maxVectorLength>0.0</maxVectorLength>
        <simpleBuildingOnly>false</simpleBuildingOnly>
        <minHeight>0</minHeight>
        <maxHeight>12</maxHeight>
    </facades>
    <facades>
        <file>House5.fac</file>
        <wallColor></wallColor>
        <industrial>false</industrial>
        <commercial>false</commercial>
        <residential>true</residential>
        <sloped>false</sloped>
        <minVectorLength>0.0</minVectorLength>
        <maxVectorLength>0.0</maxVectorLength>
        <simpleBuildingOnly>false</simpleBuildingOnly>
        <minHeight>0</minHeight>
        <maxHeight>12</maxHeight>
    </facades>
    <facades>
        <file>House6.fac</file>
        <wallColor></wallColor>
        <industrial>false</industrial>
        <commercial>false</commercial>
        <residential>true</residential>
        <sloped>false</sloped>
        <minVectorLength>0.0</minVectorLength>
        <maxVectorLength>0.0</maxVectorLength>
        <simpleBuildingOnly>false</simpleBuildingOnly>
        <minHeight>0</minHeight>
        <maxHeight>12</maxHeight>
    </facades>
    <facades>
        <file>House7.fac</file>
        <wallColor></wallColor>
        <industrial>false</industrial>
        <commercial>false</commercial>
        <residential>true</residential>
        <sloped>false</sloped>
        <minVectorLength>0.0</minVectorLength>
        <maxVectorLength>0.0</maxVectorLength>
        <simpleBuildingOnly>false</simpleBuildingOnly>
        <minHeight>0</minHeight>
        <maxHeight>12</maxHeight>
    </facades>
    <facades>
        <file>House8.fac</file>
        <wallColor></wallColor>
        <industrial>false</industrial>
        <commercial>false</commercial>
        <residential>true</residential>
        <sloped>false</sloped>
        <minVectorLength>0.0</minVectorLength>
        <maxVectorLength>0.0</maxVectorLength>
        <simpleBuildingOnly>false</simpleBuildingOnly>
        <minHeight>0</minHeight>
        <maxHeight>12</maxHeight>
    </facades>
    <facades>
        <file>House9.fac</file>
        <wallColor></wallColor>
        <industrial>false</industrial>
        <commercial>false</commercial>
        <residential>true</residential>
        <sloped>false</sloped>
        <minVectorLength>0.0</minVectorLength>
        <maxVectorLength>0.0</maxVectorLength>
        <simpleBuildingOnly>false</simpleBuildingOnly>
        <minHeight>0</minHeight>
        <maxHeight>12</maxHeight>
    </facades>
    <facades>
        <file>House10.fac</file>
        <wallColor></wallColor>
        <industrial>false</industrial>
        <commercial>false</commercial>
        <residential>true</residential>
        <sloped>false</sloped>
        <minVectorLength>0.0</minVectorLength>
        <maxVectorLength>0.0</maxVectorLength>
        <simpleBuildingOnly>false</simpleBuildingOnly>
        <minHeight>0</minHeight>
        <maxHeight>12</maxHeight>
    </facades>
    <facades>
        <file>House11.fac</file>
        <wallColor></wallColor>
        <industrial>false</industrial>
        <commercial>false</commercial>
        <residential>true</residential>
        <sloped>false</sloped>
        <minVectorLength>0.0</minVectorLength>
        <maxVectorLength>0.0</maxVectorLength>
        <simpleBuildingOnly>false</simpleBuildingOnly>
        <minHeight>0</minHeight>
        <maxHeight>12</maxHeight>
    </facades>
    <facades>
        <file>House12.fac</file>
        <wallColor></wallColor>
        <industrial>false</industrial>
        <commercial>false</commercial>
        <residential>true</residential>
        <sloped>false</sloped>
        <minVectorLength>0.0</minVectorLength>
        <maxVectorLength>0.0</maxVectorLength>
        <simpleBuildingOnly>false</simpleBuildingOnly>
        <minHeight>0</minHeight>
        <maxHeight>12</maxHeight>
    </facades>
    <facades>
        <file>House13.fac</file>
        <wallColor></wallColor>
        <industrial>false</industrial>
        <commercial>false</commercial>
        <residential>true</residential>
        <sloped>false</sloped>
        <minVectorLength>0.0</minVectorLength>
        <maxVectorLength>0.0</maxVectorLength>
        <simpleBuildingOnly>false</simpleBuildingOnly>
        <minHeight>0</minHeight>
        <maxHeight>12</maxHeight>
    </facades>
    <facades>
        <file>House14.fac</file>
        <wallColor></wallColor>
        <industrial>false</industrial>
        <commercial>false</commercial>
        <residential>true</residential>
        <sloped>false</sloped>
        <minVectorLength>0.0</minVectorLength>
        <maxVectorLength>0.0</maxVectorLength>
        <simpleBuildingOnly>false</simpleBuildingOnly>
        <minHeight>0</minHeight>
        <maxHeight>12</maxHeight>
    </facades>
    <facades>
        <file>House15.fac</file>
        <wallColor></wallColor>
        <industrial>false</industrial>
        <commercial>false</commercial>
        <residential>true</residential>
        <sloped>false</sloped>
        <minVectorLength>0.0</minVectorLength>
        <maxVectorLength>0.0</maxVectorLength>
        <simpleBuildingOnly>false</simpleBuildingOnly>
        <minHeight>0</minHeight>
        <maxHeight>12</maxHeight>
    </facades>
    <facades>
        <file>House16.fac</file>
        <wallColor></wallColor>
        <industrial>false</industrial>
        <commercial>false</commercial>
        <residential>true</residential>
        <sloped>false</sloped>
        <minVectorLength>0.0</minVectorLength>
        <maxVectorLength>0.0</maxVectorLength>
        <simpleBuildingOnly>false</simpleBuildingOnly>
        <minHeight>0</minHeight>
        <maxHeight>12</maxHeight>
    </facades>
    <facades>
        <file>House17.fac</file>
        <wallColor></wallColor>
        <industrial>false</industrial>
        <commercial>false</commercial>
        <residential>true</residential>
        <sloped>false</sloped>
        <minVectorLength>0.0</minVectorLength>
        <maxVectorLength>0.0</maxVectorLength>
        <simpleBuildingOnly>false</simpleBuildingOnly>
        <minHeight>0</minHeight>
        <maxHeight>12</maxHeight>
    </facades>
    <facades>
        <file>House18.fac</file>
        <wallColor></wallColor>
        <industrial>false</industrial>
        <commercial>false</commercial>
        <residential>true</residential>
        <sloped>false</sloped>
        <minVectorLength>0.0</minVectorLength>
        <maxVectorLength>0.0</maxVectorLength>
        <simpleBuildingOnly>false</simpleBuildingOnly>
        <minHeight>0</minHeight>
        <maxHeight>12</maxHeight>
    </facades>
    <facades>
        <file>House19.fac</file>
        <wallColor></wallColor>
        <industrial>false</industrial>
        <commercial>false</commercial>
        <residential>true</residential>
        <sloped>false</sloped>
        <minVectorLength>0.0</minVectorLength>
        <maxVectorLength>0.0</maxVectorLength>
        <simpleBuildingOnly>true</simpleBuildingOnly>
        <minHeight>0</minHeight>
        <maxHeight>12</maxHeight>
    </facades>
    <facades>
        <file>House20.fac</file>
        <wallColor></wallColor>
        <industrial>false</industrial>
        <commercial>false</commercial>
        <residential>true</residential>
        <sloped>false</sloped>
        <minVectorLength>0.0</minVectorLength>
        <maxVectorLength>0.0</maxVectorLength>
        <simpleBuildingOnly>true</simpleBuildingOnly>
        <minHeight>0</minHeight>
        <maxHeight>12</maxHeight>
    </facades>
    <facades>
        <file>House21.fac</file>
        <wallColor></wallColor>
        <industrial>false</industrial>
        <commercial>false</commercial>
        <residential>true</residential>
        <sloped>false</sloped>
        <minVectorLength>0.0</minVectorLength>
        <maxVectorLength>0.0</maxVectorLength>
        <simpleBuildingOnly>true</simpleBuildingOnly>
        <minHeight>0</minHeight>
        <maxHeight>12</maxHeight>
    </facades>
    <facades>
        <file>House22.fac</file>
        <wallColor></wallColor>
        <industrial>false</industrial>
        <commercial>false</commercial>
        <residential>true</residential>
        <sloped>false</sloped>
        <minVectorLength>0.0</minVectorLength>
        <maxVectorLength>0.0</maxVectorLength>
        <simpleBuildingOnly>true</simpleBuildingOnly>
        <minHeight>0</minHeight>
        <maxHeight>12</maxHeight>
    </facades>
    <facades>
        <file>House23.fac</file>
        <wallColor></wallColor>
        <industrial>false</industrial>
        <commercial>false</commercial>
        <residential>true</residential>
        <sloped>false</sloped>
        <minVectorLength>0.0</minVectorLength>
        <maxVectorLength>0.0</maxVectorLength>
        <simpleBuildingOnly>true</simpleBuildingOnly>
        <minHeight>0</minHeight>
        <maxHeight>12</maxHeight>
    </facades>
    <facades>
        <file>House24.fac</file>
        <wallColor></wallColor>
        <industrial>false</industrial>
        <commercial>false</commercial>
        <residential>true</residential>
        <sloped>false</sloped>
        <minVectorLength>0.0</minVectorLength>
        <maxVectorLength>0.0</maxVectorLength>
        <simpleBuildingOnly>true</simpleBuildingOnly>
        <minHeight>0</minHeight>
        <maxHeight>12</maxHeight>
    </facades>
    <facades>
        <file>House25.fac</file>
        <wallColor></wallColor>
        <industrial>false</industrial>
        <commercial>false</commercial>
        <residential>true</residential>
        <sloped>false</sloped>
        <minVectorLength>0.0</minVectorLength>
        <maxVectorLength>0.0</maxVectorLength>
        <simpleBuildingOnly>true</simpleBuildingOnly>
        <minHeight>0</minHeight>
        <maxHeight>12</maxHeight>
    </facades>
    <facades>
        <file>House26.fac</file>
        <wallColor></wallColor>
        <industrial>false</industrial>
        <commercial>false</commercial>
        <residential>true</residential>
        <sloped>false</sloped>
        <minVectorLength>0.0</minVectorLength>
        <maxVectorLength>0.0</maxVectorLength>
        <simpleBuildingOnly>true</simpleBuildingOnly>
        <minHeight>0</minHeight>
        <maxHeight>12</maxHeight>
    </facades>
    <facades>
        <file>House27.fac</file>
        <wallColor></wallColor>
        <industrial>false</industrial>
        <commercial>false</commercial>
        <residential>true</residential>
        <sloped>false</sloped>
        <minVectorLength>0.0</minVectorLength>
        <maxVectorLength>0.0</maxVectorLength>
        <simpleBuildingOnly>true</simpleBuildingOnly>
        <minHeight>0</minHeight>
        <maxHeight>12</maxHeight>
    </facades>
    <facades>
        <file>House28.fac</file>
        <wallColor></wallColor>
        <industrial>false</industrial>
        <commercial>false</commercial>
        <residential>true</residential>
        <sloped>false</sloped>
        <minVectorLength>0.0</minVectorLength>
        <maxVectorLength>0.0</maxVectorLength>
        <simpleBuildingOnly>true</simpleBuildingOnly>
        <minHeight>0</minHeight>
        <maxHeight>12</maxHeight>
    </facades>
    <facades>
        <file>familysloped1.fac</file>
        <roofColor></roofColor>
        <wallColor></wallColor>
        <industrial>false</industrial>
        <commercial>false</commercial>
        <residential>true</residential>
        <sloped>true</sloped>
        <minVectorLength>0.0</minVectorLength>
        <maxVectorLength>0.0</maxVectorLength>
        <simpleBuildingOnly>true</simpleBuildingOnly>
        <minHeight>0</minHeight>
        <maxHeight>12</maxHeight>
    </facades>
    <facades>
        <file>familysloped2.fac</file>
        <roofColor></roofColor>
        <wallColor></wallColor>
        <industrial>false</industrial>
        <commercial>false</commercial>
        <residential>true</residential>
        <sloped>true</sloped>
        <minVectorLength>0.0</minVectorLength>
        <maxVectorLength>0.0</maxVectorLength>
        <simpleBuildingOnly>true</simpleBuildingOnly>
        <minHeight>0</minHeight>
        <maxHeight>12</maxHeight>
    </facades>
    <facades>
        <file>familysloped3.fac</file>
        <roofColor></roofColor>
        <wallColor></wallColor>
        <industrial>false</industrial>
        <commercial>false</commercial>
        <residential>true</residential>
        <sloped>true</sloped>
        <minVectorLength>0.0</minVectorLength>
        <maxVectorLength>0.0</maxVectorLength>
        <simpleBuildingOnly>true</simpleBuildingOnly>
        <minHeight>0</minHeight>
        <maxHeight>12</maxHeight>
    </facades>
    <facades>
        <file>familysloped4.fac</file>
        <roofColor></roofColor>
        <wallColor></wallColor>
        <industrial>false</industrial>
        <commercial>false</commercial>
        <residential>true</residential>
        <sloped>true</sloped>
        <minVectorLength>0.0</minVectorLength>
        <maxVectorLength>0.0</maxVectorLength>
        <simpleBuildingOnly>true</simpleBuildingOnly>
        <minHeight>0</minHeight>
        <maxHeight>12</maxHeight>
    </facades>
    <facades>
        <file>familysloped5.fac</file>
        <roofColor></roofColor>
        <wallColor></wallColor>
        <industrial>false</industrial>
        <commercial>false</commercial>
        <residential>true</residential>
        <sloped>true</sloped>
        <minVectorLength>0.0</minVectorLength>
        <maxVectorLength>0.0</maxVectorLength>
        <simpleBuildingOnly>true</simpleBuildingOnly>
        <minHeight>0</minHeight>
        <maxHeight>12</maxHeight>
    </facades>
    <facades>
        <file>familysloped6.fac</file>
        <roofColor></roofColor>
        <wallColor></wallColor>
        <industrial>false</industrial>
        <commercial>false</commercial>
        <residential>true</residential>
        <sloped>true</sloped>
        <minVectorLength>0.0</minVectorLength>
        <maxVectorLength>0.0</maxVectorLength>
        <simpleBuildingOnly>true</simpleBuildingOnly>
        <minHeight>0</minHeight>
        <maxHeight>12</maxHeight>
    </facades>
    <facades>
        <file>familysloped7.fac</file>
        <roofColor></roofColor>
        <wallColor></wallColor>
        <industrial>false</industrial>
        <commercial>false</commercial>
        <residential>true</residential>
        <sloped>true</sloped>
        <minVectorLength>0.0</minVectorLength>
        <maxVectorLength>0.0</maxVectorLength>
        <simpleBuildingOnly>true</simpleBuildingOnly>
        <minHeight>0</minHeight>
        <maxHeight>12</maxHeight>
    </facades>
    <facades>
        <file>familysloped8.fac</file>
        <roofColor></roofColor>
        <wallColor></wallColor>
        <industrial>false</industrial>
        <commercial>false</commercial>
        <residential>true</residential>
        <sloped>true</sloped>
        <minVectorLength>0.0</minVectorLength>
        <maxVectorLength>0.0</maxVectorLength>
        <simpleBuildingOnly>true</simpleBuildingOnly>
        <minHeight>0</minHeight>
        <maxHeight>12</maxHeight>
    </facades>
    <facades>
        <file>family.fac</file>
        <roofColor></roofColor>
        <wallColor></wallColor>
        <industrial>false</industrial>
        <commercial>false</commercial>
        <residential>true</residential>
        <sloped>false</sloped>
        <minVectorLength>0.0</minVectorLength>
        <maxVectorLength>0.0</maxVectorLength>
        <simpleBuildingOnly>false</simpleBuildingOnly>
        <minHeight>0</minHeight>
        <maxHeight>12</maxHeight>
    </facades>
    <facades>
        <file>buildingGeneric1.fac</file>
        <roofColor></roofColor>
        <wallColor></wallColor>
        <industrial>true</industrial>
        <commercial>true</commercial>
        <residential>false</residential>
        <sloped>false</sloped>
        <minVectorLength>0.0</minVectorLength>
        <maxVectorLength>0.0</maxVectorLength>
        <simpleBuildingOnly>false</simpleBuildingOnly>
        <minHeight>0</minHeight>
        <maxHeight>100</maxHeight>
    </facades>
    <facades>
        <file>buildingGeneric2.fac</file>
        <roofColor></roofColor>
        <wallColor></wallColor>
        <industrial>true</industrial>
        <commercial>true</commercial>
        <residential>false</residential>
        <sloped>false</sloped>
        <minVectorLength>0.0</minVectorLength>
        <maxVectorLength>0.0</maxVectorLength>
        <simpleBuildingOnly>false</simpleBuildingOnly>
        <minHeight>0</minHeight>
        <maxHeight>100</maxHeight>
    </facades>
    <facades>
        <file>buildingGeneric3.fac</file>
        <roofColor></roofColor>
        <wallColor></wallColor>
        <industrial>true</industrial>
        <commercial>true</commercial>
        <residential>false</residential>
        <sloped>false</sloped>
        <minVectorLength>0.0</minVectorLength>
        <maxVectorLength>0.0</maxVectorLength>
        <simpleBuildingOnly>false</simpleBuildingOnly>
        <minHeight>0</minHeight>
        <maxHeight>100</maxHeight>
    </facades>
    <facades>
        <file>buildingGeneric4.fac</file>
        <roofColor></roofColor>
        <wallColor></wallColor>
        <industrial>true</industrial>
        <commercial>true</commercial>
        <residential>false</residential>
        <sloped>false</sloped>
        <minVectorLength>0.0</minVectorLength>
        <maxVectorLength>0.0</maxVectorLength>
        <simpleBuildingOnly>false</simpleBuildingOnly>
        <minHeight>0</minHeight>
        <maxHeight>100</maxHeight>
    </facades>
    <facades>
        <file>buildingGeneric5.fac</file>
        <roofColor></roofColor>
        <wallColor></wallColor>
        <industrial>true</industrial>
        <commercial>true</commercial>
        <residential>false</residential>
        <sloped>false</sloped>
        <minVectorLength>0.0</minVectorLength>
        <maxVectorLength>0.0</maxVectorLength>
        <simpleBuildingOnly>false</simpleBuildingOnly>
        <minHeight>0</minHeight>
        <maxHeight>100</maxHeight>
    </facades>
    <facades>
        <file>buildingGeneric6.fac</file>
        <roofColor></roofColor>
        <wallColor></wallColor>
        <industrial>true</industrial>
        <commercial>true</commercial>
        <residential>false</residential>
        <sloped>false</sloped>
        <minVectorLength>0.0</minVectorLength>
        <maxVectorLength>0.0</maxVectorLength>
        <simpleBuildingOnly>false</simpleBuildingOnly>
        <minHeight>0</minHeight>
        <maxHeight>100</maxHeight>
    </facades>
    <facades>
        <file>buildingGeneric7.fac</file>
        <roofColor></roofColor>
        <wallColor></wallColor>
        <industrial>true</industrial>
        <commercial>true</commercial>
        <residential>false</residential>
        <sloped>false</sloped>
        <minVectorLength>0.0</minVectorLength>
        <maxVectorLength>0.0</maxVectorLength>
        <simpleBuildingOnly>false</simpleBuildingOnly>
        <minHeight>0</minHeight>
        <maxHeight>100</maxHeight>
    </facades>
    <facades>
        <file>buildingGeneric8.fac</file>
        <roofColor></roofColor>
        <wallColor></wallColor>
        <industrial>true</industrial>
        <commercial>true</commercial>
        <residential>false</residential>
        <sloped>false</sloped>
        <minVectorLength>0.0</minVectorLength>
        <maxVectorLength>0.0</maxVectorLength>
        <simpleBuildingOnly>false</simpleBuildingOnly>
        <minHeight>0</minHeight>
        <maxHeight>100</maxHeight>
    </facades>
    <facades>
        <file>buildingGlass1.fac</file>
        <roofColor></roofColor>
        <wallColor></wallColor>
        <industrial>false</industrial>
        <commercial>true</commercial>
        <residential>false</residential>
        <sloped>false</sloped>
        <minVectorLength>0.0</minVectorLength>
        <maxVectorLength>0.0</maxVectorLength>
        <simpleBuildingOnly>false</simpleBuildingOnly>
        <minHeight>0</minHeight>
        <maxHeight>100</maxHeight>
    </facades>
    <facades>
        <file>buildingGlass2.fac</file>
        <roofColor></roofColor>
        <wallColor></wallColor>
        <industrial>false</industrial>
        <commercial>true</commercial>
        <residential>false</residential>
        <sloped>false</sloped>
        <minVectorLength>0.0</minVectorLength>
        <maxVectorLength>0.0</maxVectorLength>
        <simpleBuildingOnly>false</simpleBuildingOnly>
        <minHeight>0</minHeight>
        <maxHeight>100</maxHeight>
    </facades>
    <facades>
        <file>buildingGlass3.fac</file>
        <roofColor></roofColor>
        <wallColor></wallColor>
        <industrial>false</industrial>
        <commercial>true</commercial>
        <residential>false</residential>
        <sloped>false</sloped>
        <minVectorLength>0.0</minVectorLength>
        <maxVectorLength>0.0</maxVectorLength>
        <simpleBuildingOnly>false</simpleBuildingOnly>
        <minHeight>0</minHeight>
        <maxHeight>100</maxHeight>
    </facades>
    <facades>
        <file>buildingGlass4.fac</file>
        <roofColor></roofColor>
        <wallColor></wallColor>
        <industrial>false</industrial>
        <commercial>true</commercial>
        <residential>false</residential>
        <sloped>false</sloped>
        <minVectorLength>0.0</minVectorLength>
        <maxVectorLength>0.0</maxVectorLength>
        <simpleBuildingOnly>false</simpleBuildingOnly>
        <minHeight>0</minHeight>
        <maxHeight>100</maxHeight>
    </facades>
    <facades>
        <file>buildingGlass5.fac</file>
        <roofColor></roofColor>
        <wallColor></wallColor>
        <industrial>false</industrial>
        <commercial>true</commercial>
        <residential>false</residential>
        <sloped>false</sloped>
        <minVectorLength>0.0</minVectorLength>
        <maxVectorLength>0.0</maxVectorLength>
        <simpleBuildingOnly>false</simpleBuildingOnly>
        <minHeight>0</minHeight>
        <maxHeight>100</maxHeight>
    </facades>
    <facades>
        <file>buildingGlass6.fac</file>
        <roofColor></roofColor>
        <wallColor></wallColor>
        <industrial>false</industrial>
        <commercial>true</commercial>
        <residential>false</residential>
        <sloped>false</sloped>
        <minVectorLength>0.0</minVectorLength>
        <maxVectorLength>0.0</maxVectorLength>
        <simpleBuildingOnly>false</simpleBuildingOnly>
        <minHeight>0</minHeight>
        <maxHeight>100</maxHeight>
    </facades>
    <facades>
        <file>buildingGlass7.fac</file>
        <roofColor></roofColor>
        <wallColor></wallColor>
        <industrial>false</industrial>
        <commercial>true</commercial>
        <residential>false</residential>
        <sloped>false</sloped>
        <minVectorLength>0.0</minVectorLength>
        <maxVectorLength>0.0</maxVectorLength>
        <simpleBuildingOnly>false</simpleBuildingOnly>
        <minHeight>0</minHeight>
        <maxHeight>100</maxHeight>
    </facades>
    <facades>
        <file>buildingGlass8.fac</file>
        <roofColor></roofColor>
        <wallColor></wallColor>
        <industrial>false</industrial>
        <commercial>true</commercial>
        <residential>false</residential>
        <sloped>false</sloped>
        <minVectorLength>0.0</minVectorLength>
        <maxVectorLength>0.0</maxVectorLength>
        <simpleBuildingOnly>false</simpleBuildingOnly>
        <minHeight>0</minHeight>
        <maxHeight>100</maxHeight>
    </facades>
    <facades>
        <file>chainfence_open.fac</file>
        <roofColor></roofColor>
        <wallColor></wallColor>
        <barrier>fence</barrier>
        <industrial>false</industrial>
        <commercial>false</commercial>
        <residential>false</residential>
        <sloped>false</sloped>
        <minVectorLength>0.0</minVectorLength>
        <maxVectorLength>0.0</maxVectorLength>
        <simpleBuildingOnly>false</simpleBuildingOnly>
        <minHeight>0</minHeight>
        <maxHeight>0</maxHeight>
    </facades>
    <facades>
        <file>fence0_open.fac</file>
        <roofColor></roofColor>
        <wallColor></wallColor>
        <barrier>fence</barrier>
        <industrial>false</industrial>
        <commercial>false</commercial>
        <residential>false</residential>
        <sloped>false</sloped>
        <minVectorLength>0.0</minVectorLength>
        <maxVectorLength>0.0</maxVectorLength>
        <simpleBuildingOnly>false</simpleBuildingOnly>
        <minHeight>0</minHeight>
        <maxHeight>0</maxHeight>
    </facades>
    <facades>
        <file>fence1_open.fac</file>
        <roofColor></roofColor>
        <wallColor></wallColor>
        <barrier>fence</barrier>
        <industrial>false</industrial>
        <commercial>false</commercial>
        <residential>false</residential>
        <sloped>false</sloped>
        <minVectorLength>0.0</minVectorLength>
        <maxVectorLength>0.0</maxVectorLength>
        <simpleBuildingOnly>false</simpleBuildingOnly>
        <minHeight>0</minHeight>
        <maxHeight>0</maxHeight>
    </facades>
    <facades>
        <file>concretefence.fac</file>
        <roofColor></roofColor>
        <wallColor></wallColor>
        <barrier>wall</barrier>
        <industrial>false</industrial>
        <commercial>false</commercial>
        <residential>false</residential>
        <sloped>false</sloped>
        <minVectorLength>0.0</minVectorLength>
        <maxVectorLength>0.0</maxVectorLength>
        <simpleBuildingOnly>false</simpleBuildingOnly>
        <minHeight>0</minHeight>
        <maxHeight>0</maxHeight>
    </facades>
</FacadeSet>
