<?xml version="1.0" encoding="UTF-8" standalone="yes"?>
<FlightGearOptions>
    <ObjectsRules>
        <rules>
            <tag value="lighthouse" key="man_made"/>
            <objectsFiles>
                <path>Models/Communications/lighthouses.xml</path>
            </objectsFiles>
            <angle>0</angle>
            <randomAngle>true</randomAngle>
            <polygonAngle>false</polygonAngle>
            <sizeCheck>false</sizeCheck>
            <xVectorMinLength>0</xVectorMinLength>
            <xVectorMaxLength>0</xVectorMaxLength>
            <yVectorMinLength>0</yVectorMinLength>
            <yVectorMaxLength>0</yVectorMaxLength>
            <areaCheck>false</areaCheck>
            <minArea>0</minArea>
            <maxArea>0</maxArea>
            <simplePolygonOnly>false</simplePolygonOnly>
            <usePolygonAngle>false</usePolygonAngle>
            <rotationPointX>50</rotationPointX>
            <rotationPointY>50</rotationPointY>
        </rules>
        <rules>
            <tag value="water_tower" key="man_made"/>
            <objectsFiles>
                <path>Models/Communications/water-tower.xml</path>
            </objectsFiles>
            <angle>0</angle>
            <randomAngle>true</randomAngle>
            <polygonAngle>false</polygonAngle>
            <sizeCheck>false</sizeCheck>
            <xVectorMinLength>0</xVectorMinLength>
            <xVectorMaxLength>0</xVectorMaxLength>
            <yVectorMinLength>0</yVectorMinLength>
            <yVectorMaxLength>0</yVectorMaxLength>
            <areaCheck>false</areaCheck>
            <minArea>0</minArea>
            <maxArea>0</maxArea>
            <simplePolygonOnly>false</simplePolygonOnly>
            <usePolygonAngle>false</usePolygonAngle>
            <rotationPointX>50</rotationPointX>
            <rotationPointY>50</rotationPointY>
        </rules>
    </ObjectsRules>
</FlightGearOptions>
