<?xml version="1.0" encoding="UTF-8" standalone="yes"?>
<FsxOptions>
    <ObjectsRules>
        <rules>
            <tag value="lighthouse" key="man_made"/>
            <objectsFiles>
                <path>{BE7FA036-6133-48CD-B3A3-BDC339E6AB35}</path>
            </objectsFiles>
            <objectsFiles>
                <path>{8B63A054-B32E-415D-9884-258008444268}</path>
            </objectsFiles>
            <objectsFiles>
                <path>{DE00535C-5E8C-4CC0-932F-E82355A37412}</path>
            </objectsFiles>
            <angle>0</angle>
            <randomAngle>true</randomAngle>
        </rules>
        <rules>
            <tag value="silo" key="man_made"/>
            <objectsFiles>
                <path>{EF0366E8-AAFE-4DE8-A458-A61A5D7C84BB}</path>
            </objectsFiles>
            <objectsFiles>
                <path>{A5B68A08-6F53-43F2-B0DD-C38B9EF79421}</path>
            </objectsFiles>
            <objectsFiles>
                <path>{8D99C008-2B93-4A2B-A2D4-C2A75A1B2E41}</path>
            </objectsFiles>
            <angle>0</angle>
            <randomAngle>true</randomAngle>
        </rules>
        <rules>
            <tag value="wind" key="power_source"/>
            <objectsFiles>
                <path>{F21DB452-6D9D-424D-B608-A9C34C194CC1}</path>
            </objectsFiles>
            <angle>0</angle>
            <randomAngle>true</randomAngle>
        </rules>
        <rules>
            <tag value="water_tower" key="man_made"/>
            <objectsFiles>
                <path>{F2EF2CD2-539C-49C3-812D-128167D6EBB0}</path>
            </objectsFiles>
            <objectsFiles>
                <path>{567C15BF-E002-4DE9-A38C-B68C55135A8A}</path>
            </objectsFiles>
            <angle>0</angle>
            <randomAngle>true</randomAngle>
        </rules>
        <rules>
            <tag value="crane" key="man_made"/>
            <objectsFiles>
                <path>{C545A28E-E2EC-11D2-9C84-00105A0CE62A}</path>
            </objectsFiles>
            <objectsFiles>
                <path>{B2DFD078-603C-48B4-95FA-45EE25582157}</path>
            </objectsFiles>
            <angle>0</angle>
            <randomAngle>true</randomAngle>
        </rules>
        <rules>
            <tag value="communication" key="tower:type"/>
            <objectsFiles>
                <path>{79D0AD2B-C7CF-4433-9C7C-25BA72B3327F}</path>
            </objectsFiles>
            <objectsFiles>
                <path>{F4CCAF40-00A9-45B9-9412-E4873DE9CA97}</path>
            </objectsFiles>
            <objectsFiles>
                <path>{C545A290-E2EC-11D2-9C84-00105A0CE62A}</path>
            </objectsFiles>
            <angle>0</angle>
            <randomAngle>true</randomAngle>
        </rules>
        <rules>
            <tag value="nuclear" key="generator:source"/>
            <objectsFiles>
                <path>{DDA775E2-5E3E-435E-9A11-F5A8ECF75D37}</path>
            </objectsFiles>
            <angle>0</angle>
            <randomAngle>true</randomAngle>
        </rules>
        <rules>
            <tag value="pole" key="power"/>
            <objectsFiles>
                <path>{54382EC5-B1BD-4A43-AA1A-4F5F529356C3}</path>
            </objectsFiles>
            <angle>0</angle>
            <randomAngle>true</randomAngle>
        </rules>
        <rules>
            <tag value="storage_tank" key="man_made"/>
            <objectsFiles>
                <path>{7549DBA5-8710-4C0F-BF62-324244D86C31}</path>
            </objectsFiles>
            <objectsFiles>
                <path>{DA302E05-6454-4F7A-8C6F-C5FC32A77174}</path>
            </objectsFiles>
            <angle>0</angle>
            <randomAngle>true</randomAngle>
        </rules>
        <rules>
            <tag value="station" key="power"/>
            <objectsFiles>
                <path>{0C0C2054-0ABB-4E86-91A1-B146C3350558}</path>
            </objectsFiles>
            <objectsFiles>
                <path>{38C55F68-D0EA-418D-8C3D-CC797B80D410}</path>
            </objectsFiles>
            <angle>0</angle>
            <randomAngle>true</randomAngle>
        </rules>
        <rules>
            <tag value="baseball" key="sport"/>
            <objectsFiles>
                <path>{0BB07FF0-7FB0-4C88-ACDF-106339FF59D3}</path>
            </objectsFiles>
            <angle>0</angle>
            <randomAngle>true</randomAngle>
        </rules>
        <rules>
            <tag value="church" key="place_of_worship:type"/>
            <objectsFiles>
                <path>{E75256EE-38FC-49A9-9689-A5F81BC1D2C0}</path>
            </objectsFiles>
            <angle>0</angle>
            <randomAngle>true</randomAngle>
        </rules>
        <rules>
            <tag value="cathedral" key="place_of_worship:type"/>
            <objectsFiles>
                <path>{999B34C1-09CC-4172-A314-4A9371A8A8FF}</path>
            </objectsFiles>
            <angle>0</angle>
            <randomAngle>true</randomAngle>
        </rules>
        <rules>
            <tag value="mosque" key="place_of_worship:type"/>
            <objectsFiles>
                <path>{034F8334-FEDE-427E-A025-59B140FADA56}</path>
            </objectsFiles>
            <angle>0</angle>
            <randomAngle>true</randomAngle>
        </rules>
    </ObjectsRules>
</FsxOptions>
