<?xml version="1.0" encoding="UTF-8" standalone="yes"?>
<XplaneOptions>
    <excludeObj>true</excludeObj>
    <excludeFac>false</excludeFac>
    <excludeFor>true</excludeFor>
    <smartExclusions>false</smartExclusions>
    <smartExclusionSize>100</smartExclusionSize>
    <smartExclusionDistance>25</smartExclusionDistance>
    <excludeBch>false</excludeBch>
    <excludeNet>false</excludeNet>
    <excludeLin>false</excludeLin>
    <excludePol>false</excludePol>
    <excludeStr>false</excludeStr>
    <residentialMin>6</residentialMin>
    <residentialMax>15</residentialMax>
    <buildingMin>10</buildingMin>
    <buildingMax>30</buildingMax>
    <minHouseSegment>2</minHouseSegment>
    <maxHouseSegment>200</maxHouseSegment>
    <minHouseArea>20</minHouseArea>
    <generateObj>true</generateObj>
    <generateFor>true</generateFor>
    <generateBuildings>true</generateBuildings>
    <generatePowerlines>true</generatePowerlines>
    <generateRailways>true</generateRailways>
    <generateRoads>true</generateRoads>
    <generateFence>true</generateFence>
    <generateSlopedRoofs>true</generateSlopedRoofs>
    <generateStreetLights>false</generateStreetLights>
    <lightsDensity>0</lightsDensity>
    <packageFacades>true</packageFacades>
    <hardBuildings>false</hardBuildings>
    <facadeLod>25000</facadeLod>
    <generateXmlStats>false</generateXmlStats>
    <generatePdfStats>true</generatePdfStats>
    <generateDebugImg>false</generateDebugImg>
    <BuildingsExclusions>
        <exclusions value="hangar" key="aeroway"/>
        <exclusions value="terminal" key="aeroway"/>
    </BuildingsExclusions>
    <ForestsRules>
        <rules>
            <tag value="forest" key="landuse"/>
            <objectsFiles>
                <path>opensceneryx/forests/trees/europe/continental/conifer.for</path>
            </objectsFiles>
            <objectsFiles>
                <path>opensceneryx/forests/trees/europe/continental/mixed.for</path>
            </objectsFiles>
            <objectsFiles>
                <path>opensceneryx/forests/trees/europe/continental/broad_leaf.for</path>
            </objectsFiles>
            <forestDensity>255</forestDensity>
        </rules>
        <rules>
            <tag value="wood" key="natural"/>
            <objectsFiles>
                <path>opensceneryx/forests/trees/europe/continental/broad_leaf.for</path>
            </objectsFiles>
            <objectsFiles>
                <path>opensceneryx/forests/trees/europe/continental/conifer.for</path>
            </objectsFiles>
            <objectsFiles>
                <path>opensceneryx/forests/trees/europe/continental/mixed.for</path>
            </objectsFiles>
            <forestDensity>255</forestDensity>
        </rules>
        <rules>
            <tag value="garden" key="leisure"/>
            <objectsFiles>
                <path>opensceneryx/forests/trees/europe/continental/heathland.for</path>
            </objectsFiles>
            <objectsFiles>
                <path>opensceneryx/forests/trees/europe/continental/sclerophyllous.for</path>
            </objectsFiles>
            <objectsFiles>
                <path>opensceneryx/forests/trees/europe/continental/conifer.for</path>
            </objectsFiles>
            <forestDensity>255</forestDensity>
        </rules>
        <rules>
            <tag value="park" key="leisure"/>
            <objectsFiles>
                <path>opensceneryx/forests/trees/europe/continental/heathland.for</path>
            </objectsFiles>
            <objectsFiles>
                <path>opensceneryx/forests/trees/europe/continental/conifer.for</path>
            </objectsFiles>
            <objectsFiles>
                <path>opensceneryx/forests/trees/europe/continental/sclerophyllous.for</path>
            </objectsFiles>
            <forestDensity>255</forestDensity>
        </rules>
    </ForestsRules>
    <ObjectsRules>
        <rules>
            <tag value="wind" key="power_source"/>
            <objectsFiles>
                <path>opensceneryx/objects/buildings/industrial/wind_turbines/large.obj</path>
            </objectsFiles>
            <angle>0</angle>
            <randomAngle>true</randomAngle>
            <polygonAngle>false</polygonAngle>
            <sizeCheck>false</sizeCheck>
            <xVectorMinLength>0</xVectorMinLength>
            <xVectorMaxLength>0</xVectorMaxLength>
            <yVectorMinLength>0</yVectorMinLength>
            <yVectorMaxLength>0</yVectorMaxLength>
            <areaCheck>false</areaCheck>
            <minArea>0</minArea>
            <maxArea>0</maxArea>
            <simplePolygonOnly>false</simplePolygonOnly>
            <usePolygonAngle>false</usePolygonAngle>
            <rotationPointX>50</rotationPointX>
            <rotationPointY>50</rotationPointY>
        </rules>
        <rules>
            <tag value="lighthouse" key="man_made"/>
            <objectsFiles>
                <path>opensceneryx/objects/buildings/marine/lighthouses/1.obj</path>
            </objectsFiles>
            <angle>0</angle>
            <randomAngle>true</randomAngle>
            <polygonAngle>false</polygonAngle>
            <sizeCheck>false</sizeCheck>
            <xVectorMinLength>0</xVectorMinLength>
            <xVectorMaxLength>0</xVectorMaxLength>
            <yVectorMinLength>0</yVectorMinLength>
            <yVectorMaxLength>0</yVectorMaxLength>
            <areaCheck>false</areaCheck>
            <minArea>0</minArea>
            <maxArea>0</maxArea>
            <simplePolygonOnly>false</simplePolygonOnly>
            <usePolygonAngle>false</usePolygonAngle>
            <rotationPointX>50</rotationPointX>
            <rotationPointY>50</rotationPointY>
        </rules>
        <rules>
            <tag value="water_tower" key="man_made"/>
            <objectsFiles>
                <path>opensceneryx/objects/buildings/industrial/water_towers/cylindrical/2.obj</path>
            </objectsFiles>
            <objectsFiles>
                <path>opensceneryx/objects/buildings/industrial/water_towers/cylindrical/1.obj</path>
            </objectsFiles>
            <angle>0</angle>
            <randomAngle>true</randomAngle>
            <polygonAngle>false</polygonAngle>
            <sizeCheck>false</sizeCheck>
            <xVectorMinLength>0</xVectorMinLength>
            <xVectorMaxLength>0</xVectorMaxLength>
            <yVectorMinLength>0</yVectorMinLength>
            <yVectorMaxLength>0</yVectorMaxLength>
            <areaCheck>false</areaCheck>
            <minArea>0</minArea>
            <maxArea>0</maxArea>
            <simplePolygonOnly>false</simplePolygonOnly>
            <usePolygonAngle>false</usePolygonAngle>
            <rotationPointX>50</rotationPointX>
            <rotationPointY>50</rotationPointY>
        </rules>
        <rules>
            <tag value="crane" key="man_made"/>
            <objectsFiles>
                <path>opensceneryx/objects/buildings/industrial/cranes/1.obj</path>
            </objectsFiles>
            <angle>0</angle>
            <randomAngle>true</randomAngle>
            <polygonAngle>false</polygonAngle>
            <sizeCheck>false</sizeCheck>
            <xVectorMinLength>0</xVectorMinLength>
            <xVectorMaxLength>0</xVectorMaxLength>
            <yVectorMinLength>0</yVectorMinLength>
            <yVectorMaxLength>0</yVectorMaxLength>
            <areaCheck>false</areaCheck>
            <minArea>0</minArea>
            <maxArea>0</maxArea>
            <simplePolygonOnly>false</simplePolygonOnly>
            <usePolygonAngle>false</usePolygonAngle>
            <rotationPointX>50</rotationPointX>
            <rotationPointY>50</rotationPointY>
        </rules>
    </ObjectsRules>
    <LightsRules/>
    <FacadesRules/>
    <StreetLightObjects>
        <objects>
            <path>opensceneryx/objects/furniture/lights/street/3.obj</path>
        </objects>
        <objects>
            <path>opensceneryx/objects/furniture/lights/street/2.obj</path>
        </objects>
    </StreetLightObjects>
</XplaneOptions>
